manufacturer,model,part_number,part_name,symptom,note
Paloma,PD-AF58WV-60G-R,58-21450-00,ボタン軸,点火ボタン離すと消える/点火しない,よく交換する部品
Paloma,PD-AF58WV-60G-L,58-21450-00,ボタン軸,点火ボタン離すと消える/点火しない,よく交換する部品
Paloma,PD-AF58WV-75G-R,58-21450-00,ボタン軸,点火ボタン離すと消える/点火しない,よく交換する部品
Paloma,PD-AF58WV-75G-L,58-21450-00,ボタン軸,点火ボタン離すと消える/点火しない,よく交換する部品
Paloma,TAF58WV75C,58-21450-00,ボタン軸,点火ボタン離すと消える/点火しない,よく交換する部品
Paloma,TAF58WV60C,58-21450-00,ボタン軸,点火ボタン離すと消える/点火しない,よく交換する部品
Paloma,PD-AF58WV-75CK-R,58-21450-00,ボタン軸,点火ボタン離すと消える/点火しない,よく交換する部品
Paloma,PD-AF58WV-75CK-L,58-21450-00,ボタン軸,点火ボタン離すと消える/点火しない,よく交換する部品
Paloma,PD-AF58WV-75CV-R,58-21450-00,ボタン軸,点火ボタン離すと消える/点火しない,よく交換する部品
Paloma,PD-AF58WV-75CV-L,58-21450-00,ボタン軸,点火ボタン離すと消える/点火しない,よく交換する部品
Paloma,PD-AF58WV-75CB-R,58-21450-00,ボタン軸,点火ボタン離すと消える/点火しない,よく交換する部品
Paloma,PD-AF58WV-75CB-L,58-21450-00,ボタン軸,点火ボタン離すと消える/点火しない,よく交換する部品
Paloma,PD-AF58WV-60CK-R,58-21450-00,ボタン軸,点火ボタン離すと消える/点火しない,よく交換する部品
Paloma,PD-AF58WV-60CK-L,58-21450-00,ボタン軸,点火ボタン離すと消える/点火しない,よく交換する部品
Paloma,PD-AF58WV-60CV-R,58-21450-00,ボタン軸,点火ボタン離すと消える/点火しない,よく交換する部品
Paloma,PD-AF58WV-60CV-L,58-21450-00,ボタン軸,点火ボタン離すと消える/点火しない,よく交換する部品
Paloma,PD-AF58WV-60CB-R,58-21450-00,ボタン軸,点火ボタン離すと消える/点火しない,よく交換する部品
Paloma,PD-AF58WV-60CB-L,58-21450-00,ボタン軸,点火ボタン離すと消える/点火しない,よく交換する部品
Paloma,PD-AF48WV-60CK-R,58-21450-00,ボタン軸,点火ボタン離すと消える/点火しない,よく交換する部品
Paloma,PD-AF48WV-60CK-L,58-21450-00,ボタン軸,点火ボタン離すと消える/点火しない,よく交換する部品
Paloma,PD-AF48WV-60CV-R,58-21450-00,ボタン軸,点火ボタン離すと消える/点火しない,よく交換する部品
Paloma,PD-AF48WV-60CV-L,58-21450-00,ボタン軸,点火ボタン離すと消える/点火しない,よく交換する部品
Paloma,ICD-AF48WV-60CV-R,58-21450-00,ボタン軸,点火ボタン離すと消える/点火しない,よく交換する部品
Paloma,ICD-AF48WV-60CV-L,58-21450-00,ボタン軸,点火ボタン離すと消える/点火しない,よく交換する部品
Paloma,PBC4WNHN13-R(SVSV),58-21450-00,ボタン軸,点火ボタン離すと消える/点火しない,よく交換する部品
Paloma,PBC4WNHN13-L(SVSV),58-21450-00,ボタン軸,点火ボタン離すと消える/点火しない,よく交換する部品
Paloma,PA-BS3FR-W6GSR,58-21450-00,ボタン軸,点火ボタン離すと消える/点火しない,よく交換する部品
Paloma,PA-BS3FR-W6GSL,58-21450-00,ボタン軸,点火ボタン離すと消える/点火しない,よく交換する部品
Paloma,PA-BS3FR-W6SSR,58-21450-00,ボタン軸,点火ボタン離すと消える/点火しない,よく交換する部品
Paloma,PA-BS3FR-W6SSL,58-21450-00,ボタン軸,点火ボタン離すと消える/点火しない,よく交換する部品
Paloma,PD-AF48WV-60CF-R,58-21450-00,ボタン軸,点火ボタン離すと消える/点火しない,よく交換する部品
Paloma,PD-AF48WV-60CF-L,58-21450-00,ボタン軸,点火ボタン離すと消える/点火しない,よく交換する部品
Paloma,PD-AF48WV-75CK-R,58-21450-00,ボタン軸,点火ボタン離すと消える/点火しない,よく交換する部品
Paloma,PD-AF48WV-75CK-L,58-21450-00,ボタン軸,点火ボタン離すと消える/点火しない,よく交換する部品
Paloma,PD-AF48WV-75CD-R,58-21450-00,ボタン軸,点火ボタン離すと消える/点火しない,よく交換する部品
Paloma,PD-AF48WV-75CD-L,58-21450-00,ボタン軸,点火ボタン離すと消える/点火しない,よく交換する部品
Paloma,PD-AF48WV-75CF-R,58-21450-00,ボタン軸,点火ボタン離すと消える/点火しない,よく交換する部品
Paloma,PD-AF48WV-75CF-L,58-21450-00,ボタン軸,点火ボタン離すと消える/点火しない,よく交換する部品
Paloma,PD-AF48WV-75CV-R,58-21450-00,ボタン軸,点火ボタン離すと消える/点火しない,よく交換する部品
Paloma,PD-AF48WV-75CV-L,58-21450-00,ボタン軸,点火ボタン離すと消える/点火しない,よく交換する部品
Paloma,PD-AF48WV-60CD-R,58-21450-00,ボタン軸,点火ボタン離すと消える/点火しない,よく交換する部品
Paloma,PD-AF48WV-60CD-L,58-21450-00,ボタン軸,点火ボタン離すと消える/点火しない,よく交換する部品
Paloma,JT-481WV-60GK-R,58-21450-00,ボタン軸,点火ボタン離すと消える/点火しない,よく交換する部品
Paloma,JT-481WV-60GK-L,58-21450-00,ボタン軸,点火ボタン離すと消える/点火しない,よく交換する部品
Paloma,JT-481WV-60GJ-R,58-21450-00,ボタン軸,点火ボタン離すと消える/点火しない,よく交換する部品
Paloma,JT-481WV-60GJ-L,58-21450-00,ボタン軸,点火ボタン離すと消える/点火しない,よく交換する部品
Paloma,JT-481WV-60GB-R,58-21450-00,ボタン軸,点火ボタン離すと消える/点火しない,よく交換する部品
Paloma,JT-481WV-60GB-L,58-21450-00,ボタン軸,点火ボタン離すと消える/点火しない,よく交換する部品
Paloma,PD-AF61WV-75CK,58-21450-00,ボタン軸,点火ボタン離すと消える/点火しない,よく交換する部品
Paloma,PD-AF61WV-75CD,58-21450-00,ボタン軸,点火ボタン離すと消える/点火しない,よく交換する部品
Paloma,PD-AF61WV-75CF,58-21450-00,ボタン軸,点火ボタン離すと消える/点火しない,よく交換する部品
Paloma,PD-AF61WV-75CV,58-21450-00,ボタン軸,点火ボタン離すと消える/点火しない,よく交換する部品
Paloma,PD-AF61WV-60C,58-21450-00,ボタン軸,点火ボタン離すと消える/点火しない,よく交換する部品
Paloma,PD-AF61WV-60CK,58-21450-00,ボタン軸,点火ボタン離すと消える/点火しない,よく交換する部品
Paloma,PD-AF61WV-60CD,58-21450-00,ボタン軸,点火ボタン離すと消える/点火しない,よく交換する部品
Paloma,PD-AF61WV-60CF,58-21450-00,ボタン軸,点火ボタン離すと消える/点火しない,よく交換する部品
Paloma,PD-AF61WV-60CV,58-21450-00,ボタン軸,点火ボタン離すと消える/点火しない,よく交換する部品
Paloma,JT-610WV-60GK,58-21450-00,ボタン軸,点火ボタン離すと消える/点火しない,よく交換する部品
Paloma,JT-610WV-60GJ,58-21450-00,ボタン軸,点火ボタン離すと消える/点火しない,よく交換する部品
Paloma,JT-610WV-60GB,58-21450-00,ボタン軸,点火ボタン離すと消える/点火しない,よく交換する部品
Paloma,PBC4WNHN17(SVDG),58-21450-00,ボタン軸,点火ボタン離すと消える/点火しない,よく交換する部品
Paloma,210-P443,58-21450-00,ボタン軸,点火ボタン離すと消える/点火しない,よく交換する部品
Paloma,210-P442,58-21450-00,ボタン軸,点火ボタン離すと消える/点火しない,よく交換する部品
Paloma,210-P441,58-21450-00,ボタン軸,点火ボタン離すと消える/点火しない,よく交換する部品
Paloma,210-P440,58-21450-00,ボタン軸,点火ボタン離すと消える/点火しない,よく交換する部品
Paloma,JT-611WV-60CK,58-21450-00,ボタン軸,点火ボタン離すと消える/点火しない,よく交換する部品
Paloma,JT-611WV-60CV,58-21450-00,ボタン軸,点火ボタン離すと消える/点火しない,よく交換する部品
Paloma,JT-611WV-60CB,58-21450-00,ボタン軸,点火ボタン離すと消える/点火しない,よく交換する部品
Paloma,JT-611WV-60CV-1,58-21450-00,ボタン軸,点火ボタン離すと消える/点火しない,よく交換する部品
Paloma,JT-611WV-60CB-1,58-21450-00,ボタン軸,点火ボタン離すと消える/点火しない,よく交換する部品
Paloma,JT-611WV-60CK-1,58-21450-00,ボタン軸,点火ボタン離すと消える/点火しない,よく交換する部品
Paloma,PD-AF611WS-75CV,58-21450-00,ボタン軸,点火ボタン離すと消える/点火しない,よく交換する部品
Paloma,PD-AF611WS-60CV,58-21450-00,ボタン軸,点火ボタン離すと消える/点火しない,よく交換する部品
Paloma,PBC4WNHN17(SVSV),58-21450-00,ボタン軸,点火ボタン離すと消える/点火しない,よく交換する部品
Paloma,PD-AF63WV-60GK,58-21450-00,ボタン軸,点火ボタン離すと消える/点火しない,よく交換する部品
Paloma,PD-AF65WV-60GK,58-21450-00,ボタン軸,点火ボタン離すと消える/点火しない,よく交換する部品
Paloma,PD-AF65WV-75GK,58-21450-00,ボタン軸,点火ボタン離すと消える/点火しない,よく交換する部品
Paloma,PBC4WNGN16(SVB),58-21450-00,ボタン軸,点火ボタン離すと消える/点火しない,よく交換する部品
Paloma,PD-N70WV-75CK,58-21450-00,ボタン軸,点火ボタン離すと消える/点火しない,よく交換する部品
Paloma,PD-N70WV-75CV,58-21450-00,ボタン軸,点火ボタン離すと消える/点火しない,よく交換する部品
Paloma,PD-N70WV-60CK,58-21450-00,ボタン軸,点火ボタン離すと消える/点火しない,よく交換する部品
Paloma,PD-N70WV-60CV,58-21450-00,ボタン軸,点火ボタン離すと消える/点火しない,よく交換する部品
Paloma,PD-N70WV-75GK,58-21450-00,ボタン軸,点火ボタン離すと消える/点火しない,よく交換する部品
Paloma,PD-N70WV-60GK,58-21450-00,ボタン軸,点火ボタン離すと消える/点火しない,よく交換する部品
Paloma,PD-N60WH-75CK,58-21450-00,ボタン軸,点火ボタン離すと消える/点火しない,よく交換する部品
Paloma,PD-N60WH-75CD,58-21450-00,ボタン軸,点火ボタン離すと消える/点火しない,よく交換する部品
Paloma,PD-N60WH-75CV,58-21450-00,ボタン軸,点火ボタン離すと消える/点火しない,よく交換する部品
Paloma,PD-N60WH-60CK,58-21450-00,ボタン軸,点火ボタン離すと消える/点火しない,よく交換する部品
Paloma,PD-N60WH-60CD,58-21450-00,ボタン軸,点火ボタン離すと消える/点火しない,よく交換する部品
Paloma,PD-N60WH-60CV,58-21450-00,ボタン軸,点火ボタン離すと消える/点火しない,よく交換する部品
Paloma,ICD-N60WH-60CK,58-21450-00,ボタン軸,点火ボタン離すと消える/点火しない,よく交換する部品
Paloma,ICD-N60WH-60CV,58-21450-00,ボタン軸,点火ボタン離すと消える/点火しない,よく交換する部品
Paloma,PBC4WNHN16(SVB),58-21450-00,ボタン軸,点火ボタン離すと消える/点火しない,よく交換する部品
Paloma,PBC4WNHN16(SVSV),58-21450-00,ボタン軸,点火ボタン離すと消える/点火しない,よく交換する部品
Paloma,KHA-N60WH-60CV,58-21450-00,ボタン軸,点火ボタン離すと消える/点火しない,よく交換する部品
Paloma,KHA-N60WV-60CV,58-21450-00,ボタン軸,点火ボタン離すと消える/点火しない,よく交換する部品
Paloma,TN70WV75C,58-21450-00,ボタン軸,点火ボタン離すと消える/点火しない,よく交換する部品
Paloma,TN70W75C,58-21450-00,ボタン軸,点火ボタン離すと消える/点火しない,よく交換する部品
Paloma,TN70WV60C,58-21450-00,ボタン軸,点火ボタン離すと消える/点火しない,よく交換する部品
Paloma,TN70W60C,58-21450-00,ボタン軸,点火ボタン離すと消える/点火しない,よく交換する部品
Paloma,TN70WV60CT,58-21450-00,ボタン軸,点火ボタン離すと消える/点火しない,よく交換する部品
Paloma,TN70W60CT,58-21450-00,ボタン軸,点火ボタン離すと消える/点火しない,よく交換する部品
Paloma,PD-N60WV-75CK,58-21450-00,ボタン軸,点火ボタン離すと消える/点火しない,よく交換する部品
Paloma,PD-N60WV-75CD,58-21450-00,ボタン軸,点火ボタン離すと消える/点火しない,よく交換する部品
Paloma,PD-N60WV-75CV,58-21450-00,ボタン軸,点火ボタン離すと消える/点火しない,よく交換する部品
Paloma,PD-N60WV-60CK,58-21450-00,ボタン軸,点火ボタン離すと消える/点火しない,よく交換する部品
Paloma,PD-N60WV-60CD,58-21450-00,ボタン軸,点火ボタン離すと消える/点火しない,よく交換する部品
Paloma,PD-N60WV-60CV,58-21450-00,ボタン軸,点火ボタン離すと消える/点火しない,よく交換する部品
Paloma,ICD-N60WV-60CK,58-21450-00,ボタン軸,点火ボタン離すと消える/点火しない,よく交換する部品
Paloma,ICD-N60WV-60CV,58-21450-00,ボタン軸,点火ボタン離すと消える/点火しない,よく交換する部品
Paloma,PD-N62WH-60GK,58-21450-00,ボタン軸,点火ボタン離すと消える/点火しない,よく交換する部品
Paloma,ICD-N62WH-60GK,58-21450-00,ボタン軸,点火ボタン離すと消える/点火しない,よく交換する部品
Paloma,PD-N62WV-60GK,58-21450-00,ボタン軸,点火ボタン離すと消える/点火しない,よく交換する部品
Paloma,ICD-N62WV-60GK,58-21450-00,ボタン軸,点火ボタン離すと消える/点火しない,よく交換する部品
Paloma,NTP-N62WV-60GK,58-21450-00,ボタン軸,点火ボタン離すと消える/点火しない,よく交換する部品
Paloma,PD-N64WV-60GK,58-21450-00,ボタン軸,点火ボタン離すと消える/点火しない,よく交換する部品
Paloma,PD-N64WV-75GK,58-21450-00,ボタン軸,点火ボタン離すと消える/点火しない,よく交換する部品
Paloma,PD-N20WV-60CV,58-21450-00,ボタン軸,点火ボタン離すと消える/点火しない,よく交換する部品
Paloma,ICD-N20WV-60CV,58-21450-00,ボタン軸,点火ボタン離すと消える/点火しない,よく交換する部品
Paloma,PD-N21WV-60CV,58-21450-00,ボタン軸,点火ボタン離すと消える/点火しない,よく交換する部品
Paloma,PA-360WA-R,58-21451-00,ボタン軸,点火ボタン離すと消える/点火しない,よく交換する部品
Paloma,PA-360WA-L,58-21451-00,ボタン軸,点火ボタン離すと消える/点火しない,よく交換する部品
Paloma,PA-360WHA-R,58-21451-00,ボタン軸,点火ボタン離すと消える/点火しない,よく交換する部品
Paloma,PA-360WHA-L,58-21451-00,ボタン軸,点火ボタン離すと消える/点火しない,よく交換する部品
Paloma,IC-360WA-R,58-21451-00,ボタン軸,点火ボタン離すと消える/点火しない,よく交換する部品
Paloma,IC-360WA-L,58-21451-00,ボタン軸,点火ボタン離すと消える/点火しない,よく交換する部品
Paloma,IC-360WHA-R,58-21451-00,ボタン軸,点火ボタン離すと消える/点火しない,よく交換する部品
Paloma,IC-360WHA-L,58-21451-00,ボタン軸,点火ボタン離すと消える/点火しない,よく交換する部品
Paloma,IC-365WA-R,58-21451-00,ボタン軸,点火ボタン離すと消える/点火しない,よく交換する部品
Paloma,IC-365WA-L,58-21451-00,ボタン軸,点火ボタン離すと消える/点火しない,よく交換する部品
Paloma,IC-365WHA-R,58-21451-00,ボタン軸,点火ボタン離すと消える/点火しない,よく交換する部品
Paloma,IC-365WHA-L,58-21451-00,ボタン軸,点火ボタン離すと消える/点火しない,よく交換する部品
Paloma,IC-36KWA-R,58-21451-00,ボタン軸,点火ボタン離すと消える/点火しない,よく交換する部品
Paloma,IC-36KWA-L,58-21451-00,ボタン軸,点火ボタン離すと消える/点火しない,よく交換する部品
Paloma,PPA-36WHA-R,58-21451-00,ボタン軸,点火ボタン離すと消える/点火しない,よく交換する部品
Paloma,PPA-36WHA-L,58-21451-00,ボタン軸,点火ボタン離すと消える/点火しない,よく交換する部品
Paloma,PPA-36WBHA-R,58-21451-00,ボタン軸,点火ボタン離すと消える/点火しない,よく交換する部品
Paloma,PPA-36WBHA-L,58-21451-00,ボタン軸,点火ボタン離すと消える/点火しない,よく交換する部品
Paloma,PA-370WA-R,58-21451-00,ボタン軸,点火ボタン離すと消える/点火しない,よく交換する部品
Paloma,PA-370WA-L,58-21451-00,ボタン軸,点火ボタン離すと消える/点火しない,よく交換する部品
Paloma,PA-370WHA-R,58-21451-00,ボタン軸,点火ボタン離すと消える/点火しない,よく交換する部品
Paloma,PA-370WHA-L,58-21451-00,ボタン軸,点火ボタン離すと消える/点火しない,よく交換する部品
Paloma,PA-371WXA-R,58-21451-00,ボタン軸,点火ボタン離すと消える/点火しない,よく交換する部品
Paloma,PA-371WXA-L,58-21451-00,ボタン軸,点火ボタン離すと消える/点火しない,よく交換する部品
Paloma,IC-730WA-R,58-21451-00,ボタン軸,点火ボタン離すと消える/点火しない,よく交換する部品
Paloma,IC-730WA-L,58-21451-00,ボタン軸,点火ボタン離すと消える/点火しない,よく交換する部品
Paloma,IC-730WHA-R,58-21451-00,ボタン軸,点火ボタン離すと消える/点火しない,よく交換する部品
Paloma,IC-730WHA-L,58-21451-00,ボタン軸,点火ボタン離すと消える/点火しない,よく交換する部品
Paloma,IC-735WA-R,58-21451-00,ボタン軸,点火ボタン離すと消える/点火しない,よく交換する部品
Paloma,IC-735WA-L,58-21451-00,ボタン軸,点火ボタン離すと消える/点火しない,よく交換する部品
Paloma,IC-735WHA-R,58-21451-00,ボタン軸,点火ボタン離すと消える/点火しない,よく交換する部品
Paloma,IC-735WHA-L,58-21451-00,ボタン軸,点火ボタン離すと消える/点火しない,よく交換する部品
Paloma,IC-731KWXA-R,58-21451-00,ボタン軸,点火ボタン離すと消える/点火しない,よく交換する部品
Paloma,IC-731KWXA-L,58-21451-00,ボタン軸,点火ボタン離すと消える/点火しない,よく交換する部品
Paloma,IC-73KWA-R,58-21451-00,ボタン軸,点火ボタン離すと消える/点火しない,よく交換する部品
Paloma,IC-73KWA-L,58-21451-00,ボタン軸,点火ボタン離すと消える/点火しない,よく交換する部品
Paloma,IC-730WDX-R,58-21451-00,ボタン軸,点火ボタン離すと消える/点火しない,よく交換する部品
Paloma,IC-730WDX-L,58-21451-00,ボタン軸,点火ボタン離すと消える/点火しない,よく交換する部品
Paloma,IC-731WXA-R,58-21451-00,ボタン軸,点火ボタン離すと消える/点火しない,よく交換する部品
Paloma,IC-731WXA-L,58-21451-00,ボタン軸,点火ボタン離すと消える/点火しない,よく交換する部品
Paloma,PA-A103WCG-R,58-21451-00,ボタン軸,点火ボタン離すと消える/点火しない,よく交換する部品
Paloma,PA-A103WCG-L,58-21451-00,ボタン軸,点火ボタン離すと消える/点火しない,よく交換する部品
Paloma,PA-A103WCR-R,58-21451-00,ボタン軸,点火ボタン離すと消える/点火しない,よく交換する部品
Paloma,PA-A103WCR-L,58-21451-00,ボタン軸,点火ボタン離すと消える/点火しない,よく交換する部品
Paloma,PA-A93WCR-R,58-21451-00,ボタン軸,点火ボタン離すと消える/点火しない,よく交換する部品
Paloma,PA-A93WCR-L,58-21451-00,ボタン軸,点火ボタン離すと消える/点火しない,よく交換する部品
Paloma,PA-A93WCH-R,58-21451-00,ボタン軸,点火ボタン離すと消える/点火しない,よく交換する部品
Paloma,PA-A93WCH-L,58-21451-00,ボタン軸,点火ボタン離すと消える/点火しない,よく交換する部品
Paloma,PA-63WCK-R,58-21451-00,ボタン軸,点火ボタン離すと消える/点火しない,よく交換する部品
Paloma,PA-63WCK-L,58-21451-00,ボタン軸,点火ボタン離すと消える/点火しない,よく交換する部品
Paloma,IC-A67WCH-R,58-21451-00,ボタン軸,点火ボタン離すと消える/点火しない,よく交換する部品
Paloma,IC-A67WCH-L,58-21451-00,ボタン軸,点火ボタン離すと消える/点火しない,よく交換する部品
Paloma,IC-67WCK-R,58-21451-00,ボタン軸,点火ボタン離すと消える/点火しない,よく交換する部品
Paloma,IC-67WCK-L,58-21451-00,ボタン軸,点火ボタン離すと消える/点火しない,よく交換する部品
Paloma,PA-A94WCG-R,58-21451-00,ボタン軸,点火ボタン離すと消える/点火しない,よく交換する部品
Paloma,PA-A94WCG-L,58-21451-00,ボタン軸,点火ボタン離すと消える/点火しない,よく交換する部品
Paloma,PA-A94WCR-R,58-21451-00,ボタン軸,点火ボタン離すと消える/点火しない,よく交換する部品
Paloma,PA-A94WCR-L,58-21451-00,ボタン軸,点火ボタン離すと消える/点火しない,よく交換する部品
Paloma,PA-A64WCK-R,58-21451-00,ボタン軸,点火ボタン離すと消える/点火しない,よく交換する部品
Paloma,PA-A64WCK-L,58-21451-00,ボタン軸,点火ボタン離すと消える/点火しない,よく交換する部品
Paloma,PA-A95WCH-R,58-21451-00,ボタン軸,点火ボタン離すと消える/点火しない,よく交換する部品
Paloma,PA-A95WCH-L,58-21451-00,ボタン軸,点火ボタン離すと消える/点火しない,よく交換する部品
Paloma,PA-A96WCJ-R,58-21451-00,ボタン軸,点火ボタン離すと消える/点火しない,よく交換する部品
Paloma,PA-A96WCJ-L,58-21451-00,ボタン軸,点火ボタン離すと消える/点火しない,よく交換する部品
Paloma,PA-A96WCR-R,58-21451-00,ボタン軸,点火ボタン離すと消える/点火しない,よく交換する部品
Paloma,PA-A96WCR-L,58-21451-00,ボタン軸,点火ボタン離すと消える/点火しない,よく交換する部品
Paloma,PA-210B-L,58-21451-00,ボタン軸,点火ボタン離すと消える/点火しない,よく交換する部品
Paloma,PA-210B-R,58-21451-00,ボタン軸,点火ボタン離すと消える/点火しない,よく交換する部品
Paloma,PA-N41BHA-R,58-21451-00,ボタン軸,点火ボタン離すと消える/点火しない,よく交換する部品
Paloma,PA-N41BHA-L,58-21451-00,ボタン軸,点火ボタン離すと消える/点火しない,よく交換する部品
Paloma,IC-N86BHA-R,58-21451-00,ボタン軸,点火ボタン離すと消える/点火しない,よく交換する部品
Paloma,IC-N86BHA-L,58-21451-00,ボタン軸,点火ボタン離すと消える/点火しない,よく交換する部品
Paloma,IC-N86KHA-R,58-21451-00,ボタン軸,点火ボタン離すと消える/点火しない,よく交換する部品
Paloma,IC-N86KHA-L,58-21451-00,ボタン軸,点火ボタン離すと消える/点火しない,よく交換する部品
Paloma,GTP-3800,58-21451-00,ボタン軸,点火ボタン離すと消える/点火しない,よく交換する部品
Paloma,IC-N86P-R,58-21451-00,ボタン軸,点火ボタン離すと消える/点火しない,よく交換する部品
Paloma,IC-N86P-L,58-21451-00,ボタン軸,点火ボタン離すと消える/点火しない,よく交換する部品
Paloma,CZ-N86P-R,58-21451-00,ボタン軸,点火ボタン離すと消える/点火しない,よく交換する部品
Paloma,NK-N86GT-R,58-21451-00,ボタン軸,点火ボタン離すと消える/点火しない,よく交換する部品
Paloma,PA-N41B-R,58-21451-00,ボタン軸,点火ボタン離すと消える/点火しない,よく交換する部品
Paloma,PA-N41B-L,58-21451-00,ボタン軸,点火ボタン離すと消える/点火しない,よく交換する部品
Paloma,IC-N86B-R,58-21451-00,ボタン軸,点火ボタン離すと消える/点火しない,よく交換する部品
Paloma,IC-N86B-L,58-21451-00,ボタン軸,点火ボタン離すと消える/点火しない,よく交換する部品
Paloma,IC-N86H-R,58-21451-00,ボタン軸,点火ボタン離すと消える/点火しない,よく交換する部品
Paloma,IC-N86H-L,58-21451-00,ボタン軸,点火ボタン離すと消える/点火しない,よく交換する部品
Paloma,IC-N86BS-R,58-21451-00,ボタン軸,点火ボタン離すと消える/点火しない,よく交換する部品
Paloma,IC-N86BS-L,58-21451-00,ボタン軸,点火ボタン離すと消える/点火しない,よく交換する部品
Paloma,IC-N86HS-R,58-21451-00,ボタン軸,点火ボタン離すと消える/点火しない,よく交換する部品
Paloma,IC-N86HS-L,58-21451-00,ボタン軸,点火ボタン離すと消える/点火しない,よく交換する部品
Paloma,IC-N86KB-R,58-21451-00,ボタン軸,点火ボタン離すと消える/点火しない,よく交換する部品
Paloma,IC-N86KB-L,58-21451-00,ボタン軸,点火ボタン離すと消える/点火しない,よく交換する部品
Paloma,IC-N86SH-R,58-21451-00,ボタン軸,点火ボタン離すと消える/点火しない,よく交換する部品
Paloma,IC-N86SH-L,58-21451-00,ボタン軸,点火ボタン離すと消える/点火しない,よく交換する部品
Paloma,IC-N86KH-R,58-21451-00,ボタン軸,点火ボタン離すと消える/点火しない,よく交換する部品
Paloma,IC-N86KH-L,58-21451-00,ボタン軸,点火ボタン離すと消える/点火しない,よく交換する部品
Paloma,PA-N860H-R,58-21451-00,ボタン軸,点火ボタン離すと消える/点火しない,よく交換する部品
Paloma,PA-N860H-L,58-21451-00,ボタン軸,点火ボタン離すと消える/点火しない,よく交換する部品
Paloma,PA-S42H-R,58-21451-00,ボタン軸,点火ボタン離すと消える/点火しない,よく交換する部品
Paloma,PA-S42H-L,58-21451-00,ボタン軸,点火ボタン離すと消える/点火しない,よく交換する部品
Paloma,PA-S42B-R,58-21451-00,ボタン軸,点火ボタン離すと消える/点火しない,よく交換する部品
Paloma,PA-S42B-L,58-21451-00,ボタン軸,点火ボタン離すと消える/点火しない,よく交換する部品
Paloma,IC-S87BM-R,58-21451-00,ボタン軸,点火ボタン離すと消える/点火しない,よく交換する部品
Paloma,IC-S87BM-L,58-21451-00,ボタン軸,点火ボタン離すと消える/点火しない,よく交換する部品
Paloma,IC-S87SH-R,58-21451-00,ボタン軸,点火ボタン離すと消える/点火しない,よく交換する部品
Paloma,IC-S87SH-L,58-21451-00,ボタン軸,点火ボタン離すと消える/点火しない,よく交換する部品
Paloma,IC-S87-R,58-21451-00,ボタン軸,点火ボタン離すと消える/点火しない,よく交換する部品
Paloma,IC-S87-L,58-21451-00,ボタン軸,点火ボタン離すと消える/点火しない,よく交換する部品
Paloma,IC-S87K-R,58-21451-00,ボタン軸,点火ボタン離すと消える/点火しない,よく交換する部品
Paloma,IC-S87K-L,58-21451-00,ボタン軸,点火ボタン離すと消える/点火しない,よく交換する部品
Paloma,IC-S87KSH-R,58-21451-00,ボタン軸,点火ボタン離すと消える/点火しない,よく交換する部品
Paloma,IC-S87KSH-L,58-21451-00,ボタン軸,点火ボタン離すと消える/点火しない,よく交換する部品
Paloma,NK-S87GT-R,58-21451-00,ボタン軸,点火ボタン離すと消える/点火しない,よく交換する部品
Paloma,IC-S807BX-R,58-21451-00,ボタン軸,点火ボタン離すと消える/点火しない,よく交換する部品
Paloma,IC-S807BX-L,58-21451-00,ボタン軸,点火ボタン離すと消える/点火しない,よく交換する部品
Paloma,IC-S807KBX-R,58-21451-00,ボタン軸,点火ボタン離すと消える/点火しない,よく交換する部品
Paloma,IC-S807KBX-L,58-21451-00,ボタン軸,点火ボタン離すと消える/点火しない,よく交換する部品
Paloma,PA-S42BMA-R,58-21451-00,ボタン軸,点火ボタン離すと消える/点火しない,よく交換する部品
Paloma,PA-S42BMA-L,58-21451-00,ボタン軸,点火ボタン離すと消える/点火しない,よく交換する部品
Paloma,IC-S807BHA-R,58-21451-00,ボタン軸,点火ボタン離すと消える/点火しない,よく交換する部品
Paloma,IC-S807BHA-L,58-21451-00,ボタン軸,点火ボタン離すと消える/点火しない,よく交換する部品
Paloma,IC-S807KHA-R,58-21451-00,ボタン軸,点火ボタン離すと消える/点火しない,よく交換する部品
Paloma,IC-S807KHA-L,58-21451-00,ボタン軸,点火ボタン離すと消える/点火しない,よく交換する部品
Paloma,NK-S8A-R,58-21451-00,ボタン軸,点火ボタン離すと消える/点火しない,よく交換する部品
Paloma,PKD-N70V-60GK,58-21451-00,ボタン軸,点火ボタン離すと消える/点火しない,よく交換する部品
Paloma,ICD-N70V-60GK,58-21451-00,ボタン軸,点火ボタン離すと消える/点火しない,よく交換する部品
Paloma,PKD-N71V-60GK,58-21451-00,ボタン軸,点火ボタン離すと消える/点火しない,よく交換する部品
Paloma,PD-N34,58-21451-00,ボタン軸,点火ボタン離すと消える/点火しない,よく交換する部品
Paloma,PD-N34V,58-21451-00,ボタン軸,点火ボタン離すと消える/点火しない,よく交換する部品
Paloma,PKD-N34,58-21451-00,ボタン軸,点火ボタン離すと消える/点火しない,よく交換する部品
Paloma,PKD-N34V,58-21451-00,ボタン軸,点火ボタン離すと消える/点火しない,よく交換する部品
Paloma,TN34-60,58-21451-00,ボタン軸,点火ボタン離すと消える/点火しない,よく交換する部品
Paloma,c,58-21451-00,ボタン軸,点火ボタン離すと消える/点火しない,よく交換する部品
Paloma,TN34-60T,58-21451-00,ボタン軸,点火ボタン離すと消える/点火しない,よく交換する部品
Paloma,TN34V-60T,58-21451-00,ボタン軸,点火ボタン離すと消える/点火しない,よく交換する部品
Paloma,ICD-N34V,58-21451-00,ボタン軸,点火ボタン離すと消える/点火しない,よく交換する部品
Paloma,NTP-N34V,58-21451-00,ボタン軸,点火ボタン離すと消える/点火しない,よく交換する部品
Paloma,TN70V60C,58-21451-00,ボタン軸,点火ボタン離すと消える/点火しない,よく交換する部品
Paloma,TN70V60CT,58-21451-00,ボタン軸,点火ボタン離すと消える/点火しない,よく交換する部品
Paloma,TN72V60C,58-21451-00,ボタン軸,点火ボタン離すと消える/点火しない,よく交換する部品
Paloma,TN72V60CT,58-21451-00,ボタン軸,点火ボタン離すと消える/点火しない,よく交換する部品
Paloma,PD-N70AV-60GK,58-21451-00,ボタン軸,点火ボタン離すと消える/点火しない,よく交換する部品
Paloma,PKD-N70AV-60GK,58-21451-00,ボタン軸,点火ボタン離すと消える/点火しない,よく交換する部品
Paloma,PKD-N71AV-60GK,58-21451-00,ボタン軸,点火ボタン離すと消える/点火しない,よく交換する部品
Paloma,PD-N34AV,58-21451-00,ボタン軸,点火ボタン離すと消える/点火しない,よく交換する部品
Paloma,PKD-N34A,58-21451-00,ボタン軸,点火ボタン離すと消える/点火しない,よく交換する部品
Paloma,PKD-N34AV,58-21451-00,ボタン軸,点火ボタン離すと消える/点火しない,よく交換する部品
Paloma,TN34A60,58-21451-00,ボタン軸,点火ボタン離すと消える/点火しない,よく交換する部品
Paloma,TN34AV60,58-21451-00,ボタン軸,点火ボタン離すと消える/点火しない,よく交換する部品
Paloma,TN70AV75C,58-21451-00,ボタン軸,点火ボタン離すと消える/点火しない,よく交換する部品
Paloma,TN70A75C,58-21451-00,ボタン軸,点火ボタン離すと消える/点火しない,よく交換する部品
Paloma,TN70AV60C,58-21451-00,ボタン軸,点火ボタン離すと消える/点火しない,よく交換する部品
Paloma,TN70A60C,58-21451-00,ボタン軸,点火ボタン離すと消える/点火しない,よく交換する部品
Paloma,TN70AV60CT,58-21451-00,ボタン軸,点火ボタン離すと消える/点火しない,よく交換する部品
Paloma,TN70A60CT,58-21451-00,ボタン軸,点火ボタン離すと消える/点火しない,よく交換する部品
Paloma,TN72AV75C,58-21451-00,ボタン軸,点火ボタン離すと消える/点火しない,よく交換する部品
Paloma,TN72A75C,58-21451-00,ボタン軸,点火ボタン離すと消える/点火しない,よく交換する部品
Paloma,TN72AV60C,58-21451-00,ボタン軸,点火ボタン離すと消える/点火しない,よく交換する部品
Paloma,TN72A60C,58-21451-00,ボタン軸,点火ボタン離すと消える/点火しない,よく交換する部品
Paloma,TN72AV60CT,58-21451-00,ボタン軸,点火ボタン離すと消える/点火しない,よく交換する部品
Paloma,TN72A60CT,58-21451-00,ボタン軸,点火ボタン離すと消える/点火しない,よく交換する部品
Paloma,PD-N34WV,58-21451-00,ボタン軸,点火ボタン離すと消える/点火しない,よく交換する部品
Paloma,PKD-N34W,58-21451-00,ボタン軸,点火ボタン離すと消える/点火しない,よく交換する部品
Paloma,PKD-N34WV,58-21451-00,ボタン軸,点火ボタン離すと消える/点火しない,よく交換する部品
Paloma,ICD-N34WV,58-21451-00,ボタン軸,点火ボタン離すと消える/点火しない,よく交換する部品
Paloma,TN34W60,58-21451-00,ボタン軸,点火ボタン離すと消える/点火しない,よく交換する部品
Paloma,TN34WV60,58-21451-00,ボタン軸,点火ボタン離すと消える/点火しない,よく交換する部品
Paloma,ICD7W6G,58-21451-00,ボタン軸,点火ボタン離すと消える/点火しない,よく交換する部品
Paloma,ICD7W6V,58-21451-00,ボタン軸,点火ボタン離すと消える/点火しない,よく交換する部品
Paloma,PD-600WS-75GK,58-21451-00,ボタン軸,点火ボタン離すと消える/点火しない,よく交換する部品
Paloma,PD-600WS-60GK,58-21451-00,ボタン軸,点火ボタン離すと消える/点火しない,よく交換する部品
Paloma,PD-600WS-75CK,58-21451-00,ボタン軸,点火ボタン離すと消える/点火しない,よく交換する部品
Paloma,PD-600WS-75CD,58-21451-00,ボタン軸,点火ボタン離すと消える/点火しない,よく交換する部品
Paloma,PD-600WS-75CV,58-21451-00,ボタン軸,点火ボタン離すと消える/点火しない,よく交換する部品
Paloma,PD-600WS-60CK,58-21451-00,ボタン軸,点火ボタン離すと消える/点火しない,よく交換する部品
Paloma,PD-600WS-60CD,58-21451-00,ボタン軸,点火ボタン離すと消える/点火しない,よく交換する部品
Paloma,PD-600WS-60CV,58-21451-00,ボタン軸,点火ボタン離すと消える/点火しない,よく交換する部品
Paloma,PD-72WS-75C,58-21451-00,ボタン軸,点火ボタン離すと消える/点火しない,よく交換する部品
Paloma,PD-72WS-75CK,58-21451-00,ボタン軸,点火ボタン離すと消える/点火しない,よく交換する部品
Paloma,PD-72WS-75CV,58-21451-00,ボタン軸,点火ボタン離すと消える/点火しない,よく交換する部品
Paloma,PD-72WS-60CK,58-21451-00,ボタン軸,点火ボタン離すと消える/点火しない,よく交換する部品
Paloma,PD-72WS-60CV,58-21451-00,ボタン軸,点火ボタン離すと消える/点火しない,よく交換する部品
Paloma,TN72WV75C,58-21451-00,ボタン軸,点火ボタン離すと消える/点火しない,よく交換する部品
Paloma,TN72W75C,58-21451-00,ボタン軸,点火ボタン離すと消える/点火しない,よく交換する部品
Paloma,TN72WV60C,58-21451-00,ボタン軸,点火ボタン離すと消える/点火しない,よく交換する部品
Paloma,TN72W60C,58-21451-00,ボタン軸,点火ボタン離すと消える/点火しない,よく交換する部品
Paloma,TN72WV60CT,58-21451-00,ボタン軸,点火ボタン離すと消える/点火しない,よく交換する部品
Paloma,TN72W60CT,58-21451-00,ボタン軸,点火ボタン離すと消える/点火しない,よく交換する部品
Paloma,ICD6W6G,58-21451-00,ボタン軸,点火ボタン離すと消える/点火しない,よく交換する部品
Paloma,ICD6W6V,58-21451-00,ボタン軸,点火ボタン離すと消える/点火しない,よく交換する部品
Paloma,KHA6W6V,58-21451-00,ボタン軸,点火ボタン離すと消える/点火しない,よく交換する部品
Paloma,NTP-600WS-60GK,58-21451-00,ボタン軸,点火ボタン離すと消える/点火しない,よく交換する部品
Paloma,KHA6W6GS,58-21451-00,ボタン軸,点火ボタン離すと消える/点火しない,よく交換する部品
Paloma,PD-509WS-60CV,58-21451-00,ボタン軸,点火ボタン離すと消える/点火しない,よく交換する部品
Paloma,PD-509WS-75CV,58-21451-00,ボタン軸,点火ボタン離すと消える/点火しない,よく交換する部品
Paloma,PD-509WS-75C,58-21451-00,ボタン軸,点火ボタン離すと消える/点火しない,よく交換する部品
Paloma,PD-509WS-75CK,58-21451-00,ボタン軸,点火ボタン離すと消える/点火しない,よく交換する部品
Paloma,PD-200WS-60CK,58-21451-00,ボタン軸,点火ボタン離すと消える/点火しない,よく交換する部品
Paloma,PD-200WS-60CV,58-21451-00,ボタン軸,点火ボタン離すと消える/点火しない,よく交換する部品
Paloma,JT-711WS-60CK,58-21451-00,ボタン軸,点火ボタン離すと消える/点火しない,よく交換する部品
Paloma,JT-711WS-60CV,58-21451-00,ボタン軸,点火ボタン離すと消える/点火しない,よく交換する部品
Paloma,JT-711WS-60CB,58-21451-00,ボタン軸,点火ボタン離すと消える/点火しない,よく交換する部品
Paloma,PD-701WS-75GK,58-21451-00,ボタン軸,点火ボタン離すと消える/点火しない,よく交換する部品
Paloma,PD-701WS-75GK,58-21451-00,ボタン軸,点火ボタン離すと消える/点火しない,よく交換する部品
Paloma,PD-701WS-60GK,58-21451-00,ボタン軸,点火ボタン離すと消える/点火しない,よく交換する部品
Paloma,PD-701WS-75C,58-21451-00,ボタン軸,点火ボタン離すと消える/点火しない,よく交換する部品
Paloma,PD-701WS-75CK,58-21451-00,ボタン軸,点火ボタン離すと消える/点火しない,よく交換する部品
Paloma,PD-701WS-75CD,58-21451-00,ボタン軸,点火ボタン離すと消える/点火しない,よく交換する部品
Paloma,PD-701WS-75CB,58-21451-00,ボタン軸,点火ボタン離すと消える/点火しない,よく交換する部品
Paloma,PD-701WS-75CV,58-21451-00,ボタン軸,点火ボタン離すと消える/点火しない,よく交換する部品
Paloma,PD-701WS-60CK,58-21451-00,ボタン軸,点火ボタン離すと消える/点火しない,よく交換する部品
Paloma,PD-701WS-60CD,58-21451-00,ボタン軸,点火ボタン離すと消える/点火しない,よく交換する部品
Paloma,PD-701WS-60CB,58-21451-00,ボタン軸,点火ボタン離すと消える/点火しない,よく交換する部品
Paloma,PD-701WS-60CV,58-21451-00,ボタン軸,点火ボタン離すと消える/点火しない,よく交換する部品
Paloma,PD-721WS-75G,58-21451-00,ボタン軸,点火ボタン離すと消える/点火しない,よく交換する部品
Paloma,PD-721WS-75GK,58-21451-00,ボタン軸,点火ボタン離すと消える/点火しない,よく交換する部品
Paloma,PD-721WS-60GK,58-21451-00,ボタン軸,点火ボタン離すと消える/点火しない,よく交換する部品
Paloma,PD-721WS-75C,58-21451-00,ボタン軸,点火ボタン離すと消える/点火しない,よく交換する部品
Paloma,PD-721WS-75CK,58-21451-00,ボタン軸,点火ボタン離すと消える/点火しない,よく交換する部品
Paloma,PD-721WS-75CD,58-21451-00,ボタン軸,点火ボタン離すと消える/点火しない,よく交換する部品
Paloma,PD-721WS-75CV,58-21451-00,ボタン軸,点火ボタン離すと消える/点火しない,よく交換する部品
Paloma,PD-721WS-60CK,58-21451-00,ボタン軸,点火ボタン離すと消える/点火しない,よく交換する部品
Paloma,PD-721WS-60CD,58-21451-00,ボタン軸,点火ボタン離すと消える/点火しない,よく交換する部品
Paloma,PD-721WS-60CV,58-21451-00,ボタン軸,点火ボタン離すと消える/点火しない,よく交換する部品
